audit_dimension,counting_scope,core_count,interpretation,unsupported_extrapolation
可追溯 artifact 或公开系统材料,可访问仓库、项目页、公开代码或系统材料,18,说明存在可进一步检查的公开入口,不等于完整复现漏洞触发过程
artifact 不完整、受限或未明确,公开入口缺失，或不足以复核关键结果,12,说明报告充分性仍不均衡,不应自动评价为研究质量低；敏感披露可能限制公开内容
明确报告目标版本,目标软件、commit、snapshot、CVE 版本或等价信息,0,支撑触发路径与修复状态定位,不等于跨版本稳定复现
明确报告运行环境,依赖、容器、benchmark 环境、设备或等价配置,30,支撑环境复核,不等于真实部署适用性
提供 replay package、PoC / PoV 状态或等价验证材料,公开或受控记录复现路径,12,支撑可复现验证判断,不等于未知漏洞发现；不等于外部确认
提供结构化日志、失败样本或完整 trace,failure cases、execution trace、rollback log、策略更新记录,1,支撑错误分析、失败复用与治理审计,不等于系统具有稳定自优化能力
作者报告的外部线索,CVE、bug bounty、maintainer、developer-fix 或类似线索,10,说明存在来源限定的外部流程信息,不等于本文独立确认
可公开追踪的外部材料,issue、advisory、公开链接、benchmark ground truth 或等价材料,13,支撑公开来源核验,benchmark 背景不等于系统新发现
声明级材料对齐较充分,具体声明与系统输出、版本、环境、复现材料和外部流程形成可追踪对应,0,接近声明级审计就绪,仍需考虑敏感披露、适用范围和外部确认质量
